occupation,poor_rate
Entrepreneur,30.09259259259259
Doctor,26.793248945147678
Teacher,29.25211097708082
,28.17887931034483
Accountant,28.7593423019432
Writer,30.503731343283583
Scientist,28.791076273741332
Journalist,28.71919683602069
Engineer,29.77777777777778
Musician,27.043829654958035
Manager,28.470437017994858
Architect,25.654135338345863
Lawyer,25.533731853116993
Mechanic,28.77037037037037
Media_Manager,25.22851919561243
Developer,28.671755725190838
